-- ============================================================
-- METAMEN100 — Seed Data para Testing
-- ============================================================

-- 6 usuarios de prueba en auth.users
INSERT INTO auth.users (id, email, email_confirmed_at, created_at, updated_at, instance_id, aud, role)
VALUES
  ('a0000001-0000-0000-0000-000000000001', 'rastas@test.com',  NOW(), NOW(), NOW(), '00000000-0000-0000-0000-000000000000', 'authenticated', 'authenticated'),
  ('a0000002-0000-0000-0000-000000000002', 'guarro@test.com',  NOW(), NOW(), NOW(), '00000000-0000-0000-0000-000000000000', 'authenticated', 'authenticated'),
  ('a0000003-0000-0000-0000-000000000003', 'pecas@test.com',   NOW(), NOW(), NOW(), '00000000-0000-0000-0000-000000000000', 'authenticated', 'authenticated'),
  ('a0000004-0000-0000-0000-000000000004', 'grenas@test.com',  NOW(), NOW(), NOW(), '00000000-0000-0000-0000-000000000000', 'authenticated', 'authenticated'),
  ('a0000005-0000-0000-0000-000000000005', 'guero@test.com',   NOW(), NOW(), NOW(), '00000000-0000-0000-0000-000000000000', 'authenticated', 'authenticated'),
  ('a0000006-0000-0000-0000-000000000006', 'lic@test.com',     NOW(), NOW(), NOW(), '00000000-0000-0000-0000-000000000000', 'authenticated', 'authenticated');

-- Profiles para los 6 personajes
INSERT INTO profiles (id, nickname, email, base_avatar_id) VALUES
  ('a0000001-0000-0000-0000-000000000001', 'EL_RASTAS', 'rastas@test.com',  1),
  ('a0000002-0000-0000-0000-000000000002', 'EL_GUARRO', 'guarro@test.com',  2),
  ('a0000003-0000-0000-0000-000000000003', 'EL_PECAS',  'pecas@test.com',   3),
  ('a0000004-0000-0000-0000-000000000004', 'EL_GRENAS', 'grenas@test.com',  4),
  ('a0000005-0000-0000-0000-000000000005', 'EL_GUERO',  'guero@test.com',   5),
  ('a0000006-0000-0000-0000-000000000006', 'EL_LIC',    'lic@test.com',     6);

-- Avatar states para cada usuario (valores iniciales)
INSERT INTO avatar_states (user_id) VALUES
  ('a0000001-0000-0000-0000-000000000001'),
  ('a0000002-0000-0000-0000-000000000002'),
  ('a0000003-0000-0000-0000-000000000003'),
  ('a0000004-0000-0000-0000-000000000004'),
  ('a0000005-0000-0000-0000-000000000005'),
  ('a0000006-0000-0000-0000-000000000006');

-- Wallets para cada usuario
INSERT INTO wallets (user_id) VALUES
  ('a0000001-0000-0000-0000-000000000001'),
  ('a0000002-0000-0000-0000-000000000002'),
  ('a0000003-0000-0000-0000-000000000003'),
  ('a0000004-0000-0000-0000-000000000004'),
  ('a0000005-0000-0000-0000-000000000005'),
  ('a0000006-0000-0000-0000-000000000006');

-- 17 daily_tasks para EL_RASTAS (día 1)
INSERT INTO daily_tasks (user_id, category, day_number, btc_reward) VALUES
  ('a0000001-0000-0000-0000-000000000001', 'meditation',     1, 50),
  ('a0000001-0000-0000-0000-000000000001', 'thanks',         1, 40),
  ('a0000001-0000-0000-0000-000000000001', 'posture',        1, 60),
  ('a0000001-0000-0000-0000-000000000001', 'wake_early',     1, 50),
  ('a0000001-0000-0000-0000-000000000001', 'facial',         1, 80),
  ('a0000001-0000-0000-0000-000000000001', 'voice',          1, 70),
  ('a0000001-0000-0000-0000-000000000001', 'cold_shower',    1, 100),
  ('a0000001-0000-0000-0000-000000000001', 'skill_learning', 1, 80),
  ('a0000001-0000-0000-0000-000000000001', 'focus_work',     1, 80),
  ('a0000001-0000-0000-0000-000000000001', 'reading',        1, 60),
  ('a0000001-0000-0000-0000-000000000001', 'strength',       1, 100),
  ('a0000001-0000-0000-0000-000000000001', 'cardio',         1, 90),
  ('a0000001-0000-0000-0000-000000000001', 'hydration',      1, 40),
  ('a0000001-0000-0000-0000-000000000001', 'talk_friend',    1, 70),
  ('a0000001-0000-0000-0000-000000000001', 'family',         1, 70),
  ('a0000001-0000-0000-0000-000000000001', 'kegel',          1, 60),
  ('a0000001-0000-0000-0000-000000000001', 'journal',        1, 50);
